Item,Nome,Código,Município,Código do município,Instituição,Macrorregião,Latitude,Longitude,Altitude,Variáveis coletadas,data_inicial,data,data_final,ativo,frequencia,Tipo,Fornecedor,Modelo_do_sensor: radiação,Modelo_do_sensor: dir_vel_vento,modelo_do_sensor: temp_umidade,modelo_do_sensor: pressão,modelo_do_sensor: pluv,modelo_do_sensor: temp_solo,modelo_do_sensor: fluxo calor solo,modelo_do_sensor: umidade_solo,Datalogger,Bateria,Controlador de carga,modelo_do_sensor: supressor de transiente,Tipo da torre,Painel solar,Comunicação,Área,manutencao,n_patrimonio,financiamento,link 
1,Aiuaba ,4714,Aiuaba ,2300408,FUNCEME,Sertão Central e Inhamuns,-6.7139,-40.307378,588.9,"100, 17, 52, 19, 51, 22, 14, 17, 54, 21, 39, 2, 9, 3 4, 6, 18, 30, 31",12/08/2014,,20/08/2019,SI,1h,,Campbell,CMP3,Met One 034,HMP 155D Vaisala,PTB 101B Vaisala,TB4 Campbell,107L Campbell,HFP01-10 Hukseflux,CS615 Campbell,CR23 X,"12V, 26Ah",Steca PR 0303 - EPV LS1024,Clamper series 900 e 800,Alumínio 10m,20 Watts,SAT SCD/ARGOS,Particular,,,,
2,Acaraú,26,Acaraú,2300200,FUNCEME,Litoral Norte,-2.876500,-39.992611,12,"19, 22, 14, 21, 39, 2, 6, 18, 31",24/08/2004,,SI,,"3h (00h, 03h, 06h, 09h, 12h, 15h, 18h, 21h)",,Hobeco,CMP6,Windsonic Gill,HMP 110 Vaisala,BARO-1QML,TB4,,,,QML201,"12V, 26Ah",Morningstar sun saver 10,Clamper series 900 e 800,Ferro galvanizado 10m,20 Watts,V1001200 OMNISAT,Pública - Ibama,,,,
3,Açude Castanhão,2237,Alto Santo,,FUNCEME/ANA,Jaguaribana,-5.509264,-38.440500,112.2,,SI,,,sem transmissor,,,Campbell,CMP3,Met One 034,HMP 155 Vaisala,PTB 101B Vaisala,TB4 Campbell,,,,CR23 X,"12V, 26Ah",Steca PR 0303 - EPV LS1024,Clamper series 900 e 800,Alumínio 10m,20 Watts,SAT SCD/ARGOS,Pública - Dnocs,,,,
4,Amontada,27,Amontada,2300754,FUNCEME,Litoral Norte,-3.0333333333333,-39.666666666667,53.7,"19, 51, 22, 14, 21, 39, 2, 6, 50, 31",24/08/2004,,,sim,"3h (00h, 03h, 06h, 09h, 12h, 15h, 18h, 21h)",,Campbell,CMP3,Met One 034,HMP 155 Vaisala,PTB 101B Vaisala,TB4 Campbell,,,,CR23 X,"12V, 26Ah",Steca PR 0303 - EPV LS1024,Clamper series 900 e 800,Alumínio 10m,20 Watts,SAT SCD/ARGOS,Particular,,,,
5,Araripe,76,Araripe,2301307,FUNCEME,Sertão Central e Inhamuns,-7.207001,-40.139916,633.8,"19, 51, 22, 14, 21, 39, 2, 6, 18, 50, 31",SI,,,,"3h (00h, 03h, 06h, 09h, 12h, 15h, 18h, 21h)",,Campbell,SPLite Kipp&Zonen,Met One 034,HMP 145 Vaisala,PTB 101B Vaisala,TB4 Campbell,,,,CR23 X,"12V, 26Ah",Steca PR 0303 - EPV LS1024,Clamper series 900 e 800,Alumínio 10m,20 Watts,SAT SCD/ARGOS,,,,,
6,Assaré,45,Assaré,2301604,FUNCEME,Sertão Central e Inhamuns,-6.8541666666667,-39.865277777778,,"19, 51, 22, 14, 21, 39, 2, 6, 18, 50, 31",,,18/03/2021 15:00:00 UTC,,1h,,Campbell,CMP3,Met One 034,HMP 155 Vaisala,PTB 101B Vaisala,TB4 Campbell,107L Campbell,HFP01-10 Hukseflux,CS615 Campbell,CR23 X,"12V, 26Ah",Steca PR 0303 - EPV LS1024,Clamper series 900 e 800,Alumínio 10m,20 Watts,SAT SCD/ARGOS,Particular,,,,
7,Banabuiú,25,Banabuiú ,2301851,FUNCEME,Jaguaribana,-5.316666666666666,-38.916666666666664,451.8,"19, 51, 22, 14, 21, 39, 2, 6, 18, 50, 31",11/06/2004,,06/10/2018 15:00:00 UTC,,"3h (00h, 03h, 06h, 09h, 12h, 15h, 18h, 21h)",,Campbell,SPLite Kipp&Zonen,Met One 034,HMP 145 Vaisala,PTB 101B Vaisala,TB4 Campbell,,,,CR23 X,"12V, 26Ah",Steca PR 0303 - EPV LS1024,Clamper series 900 e 800,Alumínio 10m,20 Watts,SAT SCD/ARGOS,Pública - Dnocs,,,,
8,Barro,4716,Barro,2302008,FUNCEME,Cariri,-7.011695,-38.750666,371.9,"2, 3, 4, 6, 9, 14, 17, 22, 30, 31, 51, 52, 54, 100",19/05/2017,,,sim,1h,,Hobeco,CMP6,Windsonic Gill,HMP 110 Vaisala,BARO-1QML,TB4,,,,QML201,"12V, 26Ah",Morningstar sun saver 10,Clamper series 900 e 800,Ferro galvanizado 10m,20 Watts,V1001200 OMNISAT,Particular,,,,
9,Batutrité,4710,Baturité,2302107,FUNCEME,Maciço do Baturité,-4.340695 ,-38.865167,80.5,"2, 3, 4, 6, 9, 14, 17, 22, 30, 31, 51, 52, 54, 100",SI,,30/10/2019 16:43:51 UTC,,1h,,Hobeco,CMP6,Windsonic Gill,HMP 110 Vaisala,BARO-1QML,TB4,,,,QML201,"12V, 26Ah",Morningstar sun saver 10,Clamper series 900 e 800,Ferro galvanizado 10m,20 Watts,V1001200 OMNISAT,Prefeitura,,,,
10,Boa Viagem,80,Boa Viagem,2302404,FUNCEME,Sertão Central e Inhamuns,-5.1416666666667,-39.735833333333,292.8,"2, 6, 14, 18, 19, 21, 22, 31, 39, 50, 51",06/02/2005,"1969, 1970",27/05/2021 12:00:00 UTC,,"3h (00h, 03h, 06h, 09h, 12h, 15h, 18h, 21h)",,Campbell,SPLite Kipp&Zonen,Met One 034,HMP 145 Vaisala,PTB 101B Vaisala,TB4 Campbell,107L Campbell,HFP01-10 Hukseflux,CS615 Campbell,CR23 X,"12V, 26Ah",Steca PR 0303 - EPV LS1024,Clamper series 900 e 800,Alumínio 10m,20 Watts,SAT SCD/ARGOS,Particular,,,,
11,Camocim,46,Camocim,2302602,FUNCEME,Litoral Norte,-3.0019444444444,-41.021388888889 ,16.3,"2, 6, 19, 14, 18, 21, 22, 39, 50, 31, 51",28/04/2005,,,sim,"3h (00h, 03h, 06h, 09h, 12h, 15h, 18h, 21h)",,Campbell,CMP3,Met One 034,HMP 155 Vaisala,PTB 101B Vaisala,TB4 Campbell,107L Campbell,HFP01-10 Hukseflux,CS615 Campbell,CR23 X,"12V, 26Ah",Steca PR 0303 - EPV LS1024,Clamper series 900 e 800,Alumínio 10m,20 Watts,SAT SCD/ARGOS,Particular - Ducoco,,,,
12,Caninde Prodan,81,Canindé ,2302800,FUNCEME,Sertão Central e Inhamuns,-4.6216666666667 ,-39.392777777778 ,270.9,"2, 6, 14, 19, 18, 21, 22, 31, 51, 39, 50",,,23/04/2017,SI,"3h (00h, 03h, 06h, 09h, 12h, 15h, 18h, 21h)",,Campbell,CMP3,Met One 034,HMP 155 Vaisala,PTB 101B Vaisala,TB4 Campbell,107L Campbell,HFP01-10 Hukseflux,CS615,CR23 X,"12V, 26Ah",Steca PR 0303 - EPV LS1024,Clamper series 900 e 800,Alumínio 10m,20 Watts,SAT SCD/ARGOS,Particular,,,,
13,Catarina ,77,Catarina,2303600,FUNCEME,Sertão Central e Inhamuns,-6.1891666666667,-39.901666666667,535.9,"2, 6, 14. 19, 18, 21, 22, 31, 51, 39, 50",06/02/2005,,06/02/2020 15:00:00 UTC,,"3h (00h, 03h, 06h, 09h, 12h, 15h, 18h, 21h)",,Campbell,SPLite Kipp&Zonen,Met One 034,HMP 145 Vaisala,PTB 101B Vaisala,TB4 Campbell,107L Campbell,HFP01-10 Hukseflux,CS615 Campbell,CR23 X,"12V, 26Ah",Steca PR 0303 - EPV LS1024,Clamper series 900 e 800,Alumínio 10m,20 Watts,SAT SCD/ARGOS,Particular,,,,
14,Crato,48,Crato,2304202,FUNCEME,Cariri,-7.1961111111111 ,-39.506111111111,912.5,"2, 6, 14, 19, 18, 21, 22, 31, 51, 39, 50",31/12/2002,"1969, 1970",04/08/2021 12:00:00 UTC,,"3h (00h, 03h, 06h, 09h, 12h, 15h, 18h, 21h)",,Campbell,CMP3,Met One 034,HMP 155 Vaisala,61302V YOUNG,TB4 Campbell,107L Campbell,HFP01-10 Hukseflux,CS615 Campbell,CR23 X,"12V, 26Ah",Steca PR 0303 - EPV LS1024,Clamper series 900 e 800,Alumínio 10m,20 Watts,SAT SCD/ARGOS,Particular - Flores,,,,
15,Eusébio,83,Eusébio,2304285,FUNCEME,Litoral de Fortaleza,-3.8786111111111,-38.425,26.9,"2, 6, 14, 19, 18, 21, 22, 31, 51, 39, 50",2007,"1969, 1970",30/11/2020 12:00:00 UTC,,"3h (00h, 03h, 06h, 09h, 12h, 15h, 18h, 21h)",,Campbell,CMP3,Met One 034,HMP 155D Vaisala,PTB 101B Vaisala,TB4 Campbell,107L Campbell,HFP01-10 Hukseflux,CS615 Campbell,CR23 X,"12V, 26Ah",Steca PR 0303 - EPV LS1024,Clamper series 900 e 800,Alumínio 10m,20 Watts,SAT SCD/ARGOS,,,,,
16,Fortaleza,,Fortaleza,2304400,INMET - FUNCEME,Litoral de Fortaleza,-3.795128,-38.557365,28.5,olhar no link,1999,,11/06/2020 12:00:00 BRT,,"3h (00h, 03h, 06h, 09h, 12h, 15h, 18h, 21h)",,Campbell,CMP3,Met One 034,HMP 155 Vaisala,PTB 101B Vaisala,TB4 Campbell,,,,CR23 X,"12V, 26Ah",Steca PR 0303 - EPV LS1024,Clamper series 900 e 800,Alumínio 10m,20 Watts,SAT SCD/ARGOS,Pública - Uece,,,,
17,Praia do Futuro - Cagece,35319,Fortaleza ,2304400,FUNCEME ,Litoral de Fortaleza,-3.762205 ,-38.441723 ,8,"2, 3, 4, 6, 7, 14, 15, 22, 16, 50, 51, 54",11/11/2019,,22/04/2020,,1h,,Campbell,SR11,Windsonic Gill,HMP155A,61302V YOUNG,TB4 Campbell,,,,CR1000,"12V, 26Ah",,,Alumínio 10m,20 Watts,Modem Duodigit,,,,,
18,Granja,30,Granja,2304707,FUNCEME ,Litoral Norte,-3.1647222222222 ,-40.861388888889,30.7,"2, 6, 14, 18, 19, 21, 22, 39, 50, 31, 51","50.0, 51.0 16/05 /2017; 39.0 20/05/2015; 31.0, 21.0, 19.0, 01/01/2007; 2.0, 6.0, 22.0, 05/04/2005",,14/09/2021 12:00:00 UTC,,"3h (00h, 03h, 06h, 09h, 12h, 15h, 18h, 21h)",,Campbell,CMP3,Met One 034,HMP 155 Vaisala,PTB 101B Vaisala,TB4 Campbell,107L Campbell,HFP01-10 Hukseflux,CS615,CR23 X,"12V, 26Ah",Steca PR 0303 - EPV LS1024,Clamper series 900 e 800,Alumínio 10m,20 Watts,SAT SCD/ARGOS,Particular,,,,
19,Ibaretama,49,Ibaretama,2305266,FUNCEME ,Sertão Central e Inhamuns,-4.8266666666667 ,-38.830833333333,140.6,"2, 6, 19, 14, 21, 18, 22, 39, 31",06/08/2004,,09/04/2019 06:00:00 UTC,,"3h (00h, 03h, 06h, 09h, 12h, 15h, 18h, 21h)",,Campbell,CMP3,Met One 034,HMP 155 Vaisala,PTB 101B Vaisala,TB4 Campbell,107L Campbell,HFP01-10 Hukseflux,CS615 Campbell,CR23 X,"12V, 26Ah",Steca PR 0303 - EPV LS1024,Clamper series 900 e 800,Alumínio 10m,20 Watts,SAT SCD/ARGOS,Particular,,,,
20,Icó,40,Icó,,FUNCEME ,Jaguaribana,-6.427333,-38.922722,167.2,,16/06/2004,,16/12/2020 12:00:00 UTC,,"3h (00h, 03h, 06h, 09h, 12h, 15h, 18h, 21h)",,Campbell,CMP3,Met One 034,HMP 155 Vaisala,PTB 101B Vaisala,TB4 Campbell,107L Campbell,HFP01-10 Hukseflux,CS615 Campbell,CR23 X,"12V, 26Ah",Steca PR 0303 - EPV LS1024,Clamper series 900 e 800,Alumínio 10m,20 Watts,SAT SCD/ARGOS,Pública - Dnocs,,,,
21,Independência,61,Independência,2305605,FUNCEME ,sertão Central e Inhamuns,-5.421250,-40.481362,320.2,"2, 6, 14, 19, 18, 21, 22, 31, 51, 39, 50",SI,,10/08/2020,sim,"3h (00h, 03h, 06h, 09h, 12h, 15h, 18h, 21h)",,Campbell,SPLite Kipp&Zonen,Met One 034,HMP 145 Vaisala,PTB 101B Vaisala,TB4 Campbell,,,,CR23 X,"12V, 26Ah",Steca PR 0303 - EPV LS1024,Clamper series 900 e 800,Alumínio 10m,20 Watts,SAT SCD/ARGOS,Pública - Cogerh,,,,
22,Ipu,1179,Ipu ,2305803,FUNCEME ,Ibiapaba,-4.24115277778 ,-40.7340222222,215.5,"2, 6, 14, 18, 19, 21, 22, 39, 50, 31, 51, 17, 22, 100",17/08/2004,,26/05/2020 09:00:00 UTC,,"3h (00h, 03h, 06h, 09h, 12h, 15h, 18h, 21h)",,Campbell,SPLite Kipp&Zonen,Met One 034,HMP 145 Vaisala,PTB 101B Vaisala,TB4 Campbell,107L Campbell,HFP01-10 Hukseflux,CS615 Campbell,CR23 X,"12V, 26Ah",Steca PR 0303 - EPV LS1024,Clamper series 900 e 800,Alumínio 10m,20 Watts,SAT SCD/ARGOS,Particular,,,,
23,Itatira,65,Santa Quitéria,2312205,FUNCEME ,Sertão Central e Inhamuns,-4.57638888889,-39.7991666667,412.3,"2, 6, 14, 19, 21, 22, 31",SI,,06/01/2019 12:00:00 UTC,,"3h (00h, 03h, 06h, 09h, 12h, 15h, 18h, 21h)",,Campbell,CMP3,Met One 034,HMP 155 Vaisala,PTB 101B Vaisala,TB4 Campbell,,,,CR23 X,"12V, 26Ah",Steca PR 0303 - EPV LS1024,Clamper series 900 e 800,Alumínio 10m,20 Watts,SAT SCD/ARGOS,Pública - INB,,,,
24,Jaguaribe ,4711,Jaguaribe ,,FUNCEME/DUVIDA,Jaguaribana,-6.1869,-38.6595,165,,SI,,,sim,,,Hobeco,CMP6,Windsonic Gill,HMP 110 Vaisala,BARO-1QML,TB4,,,,QML201,"12V, 26Ah",Morningstar sun saver 10,Clamper series 900 e 800,Ferro galvanizado 10m,20 Watts,V1001200 OMNISAT,Particular,,,,
25,Jijoca de Jericoacara,1178,Jijoca de Jericoacara,2307254,FUNCEME ,Litoral Norte,-2.792939,-40.519448,20.1,"2, 6, 14, 17, 18, 19, 21, 22,  31,39, 50, 51, 100",SI,,,sim,15 min,,Hobeco,CMP6,Windsonic Gill,HMP 110 Vaisala,BARO-1QML,TB4,,,,QML201,"12V, 26Ah",Morningstar sun saver 10,Clamper series 900 e 800,Ferro galvanizado 10m,20 Watts,SAT SCD/ARGOS,Pública - ICMBIO,,,,
26,Lavras da Mangabeira,53,,2307502,FUNCEME ,Cariri,-6.8888888888889 ,-39.085,303.7,"2, 6, 14, 18, 19, 21, 22, 39, 31, 51, 50",17/05/2004,,27/12/2020 12:00:00 UTC,,"3h (00h, 03h, 06h, 09h, 12h, 15h, 18h, 21h)",,Campbell,SPLite Kipp&Zonen,Met One 034,HMP 145 Vaisala,PTB 101B Vaisala,TB4 Campbell,,,,CR23 X,"12V, 26Ah",Steca PR 0303 - EPV LS1024,Clamper series 900 e 800,Alumínio 10m,20 Watts,SAT SCD/ARGOS,Pública - Cogerh,,,,
27,Limoeiro do Norte,35742,Limoeiro do Norte,2307601,FUNCEME ,Jaguaribana,-5.191334,-37.937417,143,"2, 3, 4, 6, 14, 21, 22,  30, 31, 50, 51, 54",18/09/2020,,05/02/2021 15:00:00 BRT,,1h,,Campbell,SR11,Windsonic Gill,HMP155A Vaisala,,TB4,108L Campbell,HFP01- Hukseflux,,CR1000,"12V, 26Ah",,,Alumínio 10m,20 Watts,Modem Duodigit,,,,,
28,Mauriti,64,Mauriti ,2308104,FUNCEME ,Cariri,-7.436253,-38.788109,373.2,"2, 6, 14, 18, 19, 21, 22, 31, 39, 50, 51",SI,,29/06/2020 15:00:00 UTC,,"3h (00h, 03h, 06h, 09h, 12h, 15h, 18h, 21h)",,Campbell,CMP3,Met One 034,HMP 155 Vaisala,PTB 101B Vaisala,TB4 Campbell,107L Campbell,HFP01-10 Hukseflux,CS615 Campbell,CR23 X,"12V, 26Ah",Steca PR 0303 - EPV LS1024,Clamper series 900 e 800,Alumínio 10m,20 Watts,SAT SCD/ARGOS,Particular,,,,
29,Morada Nova (ARUARU),20,Morada Nova,2308708,FUNCEME ,Jaguaribana,-4.5222222222222,-38.368611111111,63.9 m,"2, 6, 14, 18, 19, 21, 22, 31, 39",08/08/2004,,SI,,"3h (00h, 03h, 06h, 09h, 12h, 15h, 18h, 21h)",,Campbell,CMP3,Met One 034,HMP 155 Vaisala,PTB 101B Vaisala,TB4 Campbell,107L Campbell,HFP01-10 Hukseflux,CS615 Campbell,CR23 X,"12V, 26Ah",Steca PR 0303 - EPV LS1024,Clamper series 900 e 800,Alumínio 10m,20 Watts,SAT SCD/ARGOS,Particular,,,,
30,Pacajus,13,Pacajus,2309607,FUNCEME ,Litoral de Fortaleza,-4.189960,-38.498370,80.5,"2, 3, 4, 6, 9, 14, 17, 18, 19, 21, 22, 30, 31, 39, 51, 52, 54, 100",SI,,20/12/2020 23:53:31 UTC,,"3h (00h, 03h, 06h, 09h, 12h, 15h, 18h, 21h)",,Hobeco,CMP6,Windsonic Gill,HMP 110 Vaisala,BARO-1QML,TB4,,,,QML201,"12V, 26Ah",Morningstar sun saver 10,Clamper series 900 e 800,Ferro galvanizado 10m,20 Watts,V1001200 OMNISAT,Pública - Embrapa,,,,
31,Parambu,4715,Parambu ,2310308,FUNCEME ,Sertão Central e Inhamuns,-6.205251,-40.689360,485.7,"2, 3, 4, 6, 9, 14, 17, 22, 54, 100",SI,,13/02/2020 14:52:00 UTC,,1h,,Hobeco,CMP6,Windsonic Gill,HMP 110 Vaisala,BARO-1QML,TB4,,,,QML201,"12V, 26Ah",Morningstar sun saver 10,Clamper series 900 e 800,Ferro galvanizado 10m,20 Watts,V1001200 OMNISAT,Particular,,,,
32,Pedra Branca,71,Pedra Branca,2310506,FUNCEME ,Sertão Central e Inhamuns,-5.5055555555556,-39.7431,516.7,"2, 6, 14, 18, 19, 21, 22, 31, 31, 50, 51",SI,,12/12/2019 12:00:00 UTC,,,,Campbell,SPLite Kipp&Zonen,Met One 034,HMP 145 Vaisala,PTB 101B Vaisala,TB4 Campbell,,,,CR23 X,"12V, 26Ah",Steca PR 0303 - EPV LS1024,Clamper series 900 e 800,Alumínio 10m,20 Watts,SAT SCD/ARGOS,Particular,,,,
33,Penaforte,4717,Penaforte ,2310605,FUNCEME,Cariri,-7.822197,-39.069111 ,504.6,"2, 3, 4, 6, 9, 14, 17, 22, 30, 31, 51, 52, 54, 100",SI,,20/06/2020 14:51:11 UTC,,1h,,Hobeco,CMP6,Windsonic Gill,HMP 110 Vaisala,BARO-1QML,TB4,,,,QML201,"12V, 26Ah",Morningstar sun saver 10,Clamper series 900 e 800,Ferro galvanizado 10m,20 Watts,V1001200 OMNISAT,Particular,,,,
34,Piquet Carneiro - Olho d'agua,4721,Piquet Carneiro ,2310902,FUNCEME-SDA,Sertão Central e Inhamuns,-5.772916 ,-39.438138,264.0 ,"2, 3, 4, 6, 14, 17, 22, 23, 30, 37, 50, 51, 54, 55, 56, 57, 58, 100",SI,,SI,,1h,,Campbell,CMP6,Windsonic Gill,HMP 155A Vaisala,61302V YOUNG,PluvDb Dual base,108L Campbell,HFP01- Hukseflux,CS650 Campbell,CR1000 Campbell,"12 V, 55Ah",,Clamper series 900 e 800,Alumínio 10m,20 Watts,TX 321 Campbell,Particular,,,,
35,Piquet Carneiro - Barra do Serrote,4720,Piquet Carneiro ,2310902,FUNCEME-SDA,Sertão Central e Inhamuns,-5.822056,-39.508220,273.4,"2, 3, 4, 6, 14, 17, 22, 23, 30, 37, 50, 51, 54, 55, 56, 57, 58, 100",SI,,,sim,1h,,Campbell,CMP6,Windsonic Gill,HMP 155A Vaisala,61302V YOUNG,PluvDb Dual base,108L Campbell,HFP01- Hukseflux,CS650 Campbell,CR1000 Campbell,"12V, 55Ah",,Clamper series 900 e 800,Alumínio 10m,20 Watts,TX 321 Campbell,Particular,,,,
36,Piquet Carneiro - Tataíra,4722,Piquet Carneiro ,2310902,FUNCEME-SDA,Sertão Central e Inhamuns,-5.820195 ,-39.371194 ,286.1,"2, 3, 4, 6, 14, 17, 22, 23, 30, 37, 50, 51, 54, 55, 56, 57, 58, 100",SI,,,sim,1h,,Campbell,CMP6,Windsonic Gill,HMP 155A Vaisala,61302V YOUNG,PluvDb Dual base,108L Campbell,HFP01- Hukseflux,CS650 Campbell,CR1000 Campbell,"12 V, 55Ah",,Clamper series 900 e 800,Alumínio 10m,20 Watts,TX 321 Campbell,Particular,,,,
37,Piquet Carneiro - Logradouro,4723,Piquet Carneiro ,2310902,FUNCEME-SDA,Sertão Central e Inhamuns,-5.860278,-39.463972,264.1,"2, 3, 4, 6, 14, 17, 22, 23, 30, 17, 50, 51, 54, 55, 56, 57, 58, 100",SI,,,SI,1h,,Campbell,CMP6,Windsonic Gill,HMP 155A Vaisala,61302V YOUNG,PluvDb Dual base,108L Campbell,HFP01- Hukseflux,CS650 Campbell,CR1000 Campbell,"12 V, 55Ah",,Clamper series 900 e 800,Alumínio 10m,20 Watts,TX 321 Campbell,Particular,,,,
38,Piquet Carneiro - Mororó,4725,Piquet Carneiro ,2310902,FUNCEME-SDA,Sertão Central e Inhamuns,-5.943668,-39.534333,304.2,"2, 3, 4, 6, 14, 17, 22, 23, 30, 37, 50, 51, 54, 55, 56, 57, 58, 100",SI,,,sim,1h,,Campbell,CMP6,Windsonic Gill,HMP 155A Vaisala,61302V YOUNG,PluvDb Dual base,108L Campbell,HFP01- Hukseflux,CS650 Campbell,CR1000 Campbell,"12 V, 55Ah",,Clamper series 900 e 800,Alumínio 10m,20 Watts,TX 321 Campbell,Particular,,,,
39,Piquet Carneiro - Ema dos Marinheiros,4724,Piquet Carneiro ,2310902,FUNCEME-SDA,Sertão Central e Inhamuns,-5.953926,-39.487857 ,319.8,"2, 3, 4, 6, 14, 17, 22, 23, 30, 37, 50, 51, 54, 55, 56, 57, 58, 100",SI,,07/08/2021 20:50:52 UTC,,1h,,Campbell,CMP6,Windsonic Gill,HMP 155A Vaisala,61302V YOUNG,PluvDb Dual base,108L Campbell,HFP01- Hukseflux,CS650 Campbell,CR1000 Campbell,"12 V, 55Ah",,Clamper series 900 e 800,Alumínio 10m,20 Watts,TX 321 Campbell,Particular,,,,
40,Poranga,70,Ararendá ,2310902,FUNCEME,Ibiapaba,-4.745612,-40.874083,793.8,"2, 6, 14, 18, 19, 21,  22, 31, 39",SI,,SI,,"3h (00h, 03h, 06h, 09h, 12h, 15h, 18h, 21h)",,Campbell,CMP3,Met One 034,HMP 155 Vaisala,PTB 101B Vaisala,TB4 Campbell,107L Campbell,HFP01-10 Hukseflux,CS615 Campbell,CR23 X,"12V, 26Ah",Steca PR 0303 - EPV LS1024,Clamper series 900 e 800,Alumínio 10m,20 Watts,SAT SCD/ARGOS,Particular,,,,
41,Quixeramobim (BEER),,Quixeramobim,,FUNCEME,Sertão Central e Inhamuns,-5.1233,-39.1822,265.7,,SI,,21/08/2020 19:33:32 UTC,,,,Hobeco,CMP6,Windsonic Gill,HMP 110 Vaisala,BARO-1QML,TB4,,,,QML201,"12V, 26Ah",Morningstar sun saver 10,Clamper series 900 e 800,Ferro galvanizado 10m,20 Watts,V1001200 OMNISAT,Particular,,,,
42,Quixeré,24,Quixeré ,2311504,FUNCEME,Jaguaribana,-5.084087,-37.856859,133.5,"2,  6, 14, 18, 19, 21, 22, 31, 39, 50, 51",01/08/2004,,21/01/2021 12:00:00 UTC,,"3h (00h, 03h, 06h, 09h, 12h, 15h, 18h, 21h)",,Campbell,SPLite Kipp&Zonen,Met One 034,HMP 145 Vaisala,PTB 101B Vaisala,TB4 Campbell,107L Campbell,HFP01-10 Hukseflux,CS615 Campbell,CR23 X,"12V, 26Ah",Steca PR 0303 - EPV LS1024,Clamper series 900 e 800,Alumínio 10m,20 Watts,SAT SCD/ARGOS,Particular,,,,
43,Redenção,4705,Redenção ,2311603,FUNCEME,Maciço do Baturité,-4.19234 ,-38.799701 ,221.4,"2, 3, 4, 6, 9, 14, 17,  22, 30, 31, 51, 52, 52, 100",SI,,,sim,1h,,Hobeco,CMP6,Windsonic Gill,HMP 110 Vaisala,BARO-1QML,TB4,,,,QML201,"12V, 26Ah",Morningstar sun saver 10,Clamper series 900 e 800,Ferro galvanizado 10m,20 Watts,V1001200 OMNISAT,Pública - Cogerh,,,,
44,Russas,62,Limoeiro do Norte ,2307601,FUNCEME,Jaguaribana,-5.04166666667 ,-38.1191666667 ,85.4,"2, 6, 14, 19, 21,  22, 31, 39, 50, 51",SI,,03/09/2021 06:00:00 UTC,,"3h (00h, 03h, 06h, 09h, 12h, 15h, 18h, 21h)",,Campbell,CMP3,Met One 034,HMP 155 Vaisala,PTB 101B Vaisala,TB4 Campbell,107L Campbell,HFP01-10 Hukseflux,CS615 Campbell,CR23 X,"12V, 26Ah",Steca PR 0303 - EPV LS1024,Clamper series 900 e 800,Alumínio 10m,20 Watts,SAT SCD/ARGOS,Pública - Dnocs,,,,
45,Santa Quitéria,35,Santa Quitéria,2312205,FUNCEME,Sertão Central e Inhamuns,-4.309777,-40.176695,189.8,"2, 6, 14, 18, 19, 21,  22, 31, 39",17/08/2004,,SI,,"3h (00h, 03h, 06h, 09h, 12h, 15h, 18h, 21h)",,Campbell,CMP3,Met One 034,HMP 155 Vaisala,PTB 101B Vaisala,TB4 Campbell,107L Campbell,HFP01-10 Hukseflux,CS615 Campbell,CR23 X,"12V, 26Ah",Steca PR 0303 - EPV LS1024,Clamper series 900 e 800,Alumínio 10m,20 Watts,SAT SCD/ARGOS,Pública - DAS,,,,
46,São Benedito,36,São Benedito,2312304,FUNCEME,Ibiapaba,-4.0247222222222 ,-40.910833333333 ,"
876.9","2, 6, 14, 18, 19, 21, 22, 31, 39, 50, 51",17/08/2004,,16/08/2021 12:00:00 UTC,,"3h (00h, 03h, 06h, 09h, 12h, 15h, 18h, 21h)",,Campbell,CMP3,Met One 034,HMP 155 Vaisala,PTB 101B Vaisala,TB4 Campbell,107L Campbell,HFP01-10 Hukseflux,CS615 Campbell,CR23 X,"12V, 26Ah",Steca PR 0303 - EPV LS1024,Clamper series 900 e 800,Alumínio 10m,20 Watts,SAT SCD/ARGOS,Particular,,,,
47,São Gonçalo do Amarante,18,São Gonçalo do Amarante,2312403,FUNCEME,Litoral do Pecem,-3.65 ,-38.942222222222 ,,a pcd de São Gonçalo do Amarente não consta no site do monitoramento/supervisorio,,,,,"3h (00h, 03h, 06h, 09h, 12h, 15h, 18h, 21h)",,Campbell,SPLite Kipp&Zonen,Met One 034,HMP 145 Vaisala,PTB 101B Vaisala,TB4 Campbell,107L Campbell,HFP01-10 Hukseflux,CS615 Campbell,CR23 X,"12V, 26Ah",Steca PR 0303 - EPV LS1024,Clamper series 900 e 800,Alumínio 10m,20 Watts,SAT SCD/ARGOS,Particular,,,,
48,Solonópole,66,Solonópole ,2313005,FUNCEME,Sertão Central e Inhamuns,-5.691308,-38.950946,140.8,"2, 6, 14, 19, 21, 22, 31, 39,  50, 51, ",SI,,05/06/2018 15:00:00 UTC,,"3h (00h, 03h, 06h, 09h, 12h, 15h, 18h, 21h)",,Campbell,SPLite Kipp&Zonen,Met One 034,HMP 145 Vaisala,PTB 101B Vaisala,TB4 Campbell,,,,CR23 X,"12V, 26Ah",Steca PR 0303 - EPV LS1024,Clamper series 900 e 800,Alumínio 10m,20 Watts,SAT SCD/ARGOS,Pública - Cogerh,,,,
49,Tejuçuoca,4709,Tejuçuoca,2313351,FUNCEME,Litoral do Pecem,-4.048159,-39.530293,145.9,"2, 3, 4, 6, 9, 14, 17, 22, 54, 100",SI,,SI,,,,Hobeco,CMP6,Windsonic Gill,HMP 110 Vaisala,BARO-1QML,TB4,,,,QML201,"12V, 26Ah",Morningstar sun saver 10,Clamper series 900 e 800,Ferro galvanizado 10m,20 Watts,V1001200 OMNISAT,Particular,,,,
50,Varjota,1154,Varjota,,FUNCEME,Ibiapaba,-4.1697,-40.5075,197.7,,SI,,,sem transmissor ,,,Campbell,CMP3,Met One 034,HMP 155 Vaisala,PTB 101B Vaisala,TB4 Campbell,107L Campbell,HFP01-10 Hukseflux,CS615,CR23 X,"12V, 26Ah",Steca PR 0303 - EPV LS1024,Clamper series 900 e 800,Alumínio 10m,20 Watts,SAT SCD/ARGOS,Particular,,,,
51,Várzea Alegre,72,Várzea Alegre,,FUNCEME,Cariri,-6.7922,-39.3728,343.6,"2, 6, 14, 19, 21, 22, 31, 39, 50, 51",SI,,,sim,"3h (00h, 03h, 06h, 09h, 12h, 15h, 18h, 21h)",,Campbell,SPLite Kipp&Zonen,Met One 034,HMP 145 Vaisala,PTB 101B Vaisala,TB4 Campbell,,,,CR23 X,"12V, 26Ah",Steca PR 0303 - EPV LS1024,Clamper series 900 e 800,Alumínio 10m,20 Watts,SAT SCD/ARGOS,Pública - Cogerh,,,,
52,Viçosa do Ceará,4707,Viçosa do Ceará,,FUNCEME,Ibiapaba,-3.5692,-41.3661,374.2,"2, 3, 4,  6, 9,14, 17,  22, 30, 31, 51, 52, 54, 100",20/08/2004,,,sim,1h,,Hobeco,CMP6,Windsonic Gill,HMP 110 Vaisala,BARO-1QML,TB4,,,,QML201,"12V, 26Ah",Morningstar sun saver 10,Clamper series 900 e 800,Ferro galvanizado 10m,20 Watts,V1001200 OMNISAT,Particular,,,,
